model,size,design,parent,seed,dead_units,units,params_dense,params_compacted,nonzeros,pesq_dense,pesq_c1_perm_refit,pesq_c1_noperm_refit,pesq_free24_refit,int8_method,int8_fp32_ref,pesq_int8,int8_drop,int8_dense_drop
nsnet2,h68,old,dense_h68,1234,39/8,68/102,117863,96965,49599,2.7511116457216946,2.7487459729597408,2.738000199198723,2.7283743993171212,onnx-qdq-static-minmax,2.748768366656257,2.7430782707281485,-0.005690095928108541,0.0028214557367620685
nsnet2,h68,old,dense_h68_s2345,2345,37/8,68/102,117863,97889,50267,2.75453285453389,2.733886410165759,2.7326303522274333,2.737063801404342,onnx-qdq-static-minmax,2.733851429183506,2.719631329757496,-0.014220099426009991,-0.016786963470931227
nsnet2,h68,old,dense_h68_s3456,3456,38/5,68/102,117863,98507,50349,2.754850101123736,2.7630800004433658,2.7075642121648325,2.7356371985187806,onnx-qdq-static-minmax,2.763122732344183,2.698393812312663,-0.06472892003151998,-0.06548402740538695
nsnet2,sq128,old,sq128_dense,1234,70/14,128/128,297345,247001,125217,2.7818819708326488,2.7613076744149034,2.7224085466954313,2.7133822472928797,onnx-qdq-static-minmax,2.761302687300062,2.743484599497712,-0.017818087802349947,-0.054260713382832115
nsnet2,sq192,old,sq192_dense,1234,129/26,192/192,617921,498635,251961,2.798663799913184,2.7836907445227057,2.786304926553976,2.8096205913326115,onnx-qdq-static-minmax,2.783687130774109,2.781097680764291,-0.0025894500098178064,-0.006844217337450775
nsnet2,sq192,old,p2_ns_sq192_old_s2345,2345,134/22,192/192,617921,496265,250485,2.8241765322615797,2.815003512409127,2.811834170112332,2.8170938718955494,onnx-qdq-static-minmax,2.8150027884731017,2.793522861686725,-0.02147992678637678,-0.025273108800638155
nsnet2,sq192,A1,p2_ns_sq192_a1,1234,0/3,192/192,617921,616571,310077,2.862526439202642,2.853372247039693,2.8676527653215,2.8645445124327558,onnx-qdq-static-minmax,2.8533918468408213,2.839447551849976,-0.013944294990845041,-0.012214064887426268
nsnet2,sq192,A1,p2_ns_sq192_a1_s2345,2345,0/10,192/192,617921,613421,308627,2.8472161654708454,2.8269843072856515,2.8324849819674074,2.8294755441760553,onnx-qdq-static-minmax,2.8269772905747867,2.815439904777749,-0.011537385797037558,-0.029495708572054635
nsnet2,h68,A1,p2_ns_h68_a1,1234,0/1,68/102,117863,117503,59687,2.8226653816341196,2.7989500409480437,2.7993987924554973,2.8192444712791627,onnx-qdq-static-minmax,2.7989791197684206,2.7936954392680846,-0.005283680500336008,-0.0030361386468111817
nsnet2,h68,A1,p2_ns_h68_a1_s2345,2345,0/5,68/102,117863,116063,58961,2.830316967321831,2.7834007088999146,2.7647022105825756,2.7777867894438866,onnx-qdq-static-minmax,2.783361399492014,2.7741507335195266,-0.00921066597248732,-0.013369798081592332
convfsenet,c96,old,cfs_c96_dense,1234,29,96,395297,395297,204785,2.855311605102808,2.7935875819146054,2.785218814912352,2.8337723936849426,torch-fakequant-w8a8-static-minmax,2.7935875819146054,2.7935040354439358,-8.354647066965981e-05,-0.039081538041818575
convfsenet,c96,old,p2_cf_c96_old_s2345,2345,39,96,395297,395297,204785,2.8624805381286493,2.8341563060445694,2.8179826629393308,2.837055064376118,torch-fakequant-w8a8-static-minmax,2.8341563060445694,2.827675526726593,-0.006480779317976193,-0.0024929833643647648
convfsenet,c96,B1,p2_cf_c96_b1,1234,0,96,395297,395297,204785,2.8600890571341933,2.835490871256995,2.8365776881720257,2.834710099743408,torch-fakequant-w8a8-static-minmax,2.835490871256995,2.831836082692285,-0.003654788564710021,-0.007197354314396609
convfsenet,c96,B1,p2_cf_c96_b1_s2345,2345,0,96,395297,395297,204785,2.850969640375341,2.848659823820429,2.805892572819608,2.805924867397373,torch-fakequant-w8a8-static-minmax,2.848659823820429,2.84648977176657,-0.0021700520538590062,0.004578554514542699
