study,model,design,run,checkout,width,block_norm,input_norm,warmup_steps,init,epochs,seed,lr,total_params,nonzero_params,n_val,best,last5,pesq_trajectory
pilot,nsnet2,A0,pilot_ns_A0,eco8-neaixt-blockdesign,192/192,none,none,0,scratch,15,1234,0.003,617921,617921,1,2.435,,2.435
pilot,nsnet2,A1,pilot_ns_A1,eco8-neaixt-blockdesign,192/192,none,mean,200,scratch,15,1234,0.003,618178,618178,1,2.629,,2.629
pilot,nsnet2,A2,pilot_ns_A2,eco8-neaixt-blockdesign,192/192,batch,none,0,scratch,15,1234,0.003,619073,619073,1,2.646,,2.646
pilot,nsnet2,A3,pilot_ns_A3,eco8-neaixt-blockdesign,192/192,batch,mean,200,scratch,15,1234,0.003,619330,619330,1,2.712,,2.712
pilot,convfsenet,B0,pilot_cf_B0,eco8-neaixt-blockdesign,96/192,none,none,0,scratch,10,1234,0.0008,395297,395297,9,2.765,2.7184,2.581;2.598;2.633;2.699;2.722;2.742;2.672;2.691;2.765
pilot,convfsenet,B1,pilot_cf_B1,eco8-neaixt-blockdesign,96/192,batch,mean,2000,scratch,10,1234,0.0008,395746,395746,9,2.754,2.7382,2.521;2.550;2.643;2.675;2.707;2.746;2.751;2.754;2.733
phase2,nsnet2,old,sq192_dense,eco8-neaixt,192/192,none,none,0,scratch,200,1234,0.003,617921,617921,19,2.799,2.7822,2.468;2.631;2.675;2.721;2.764;2.768;2.762;2.762;2.749;2.769;2.777;2.760;2.799;2.789;2.792;2.769;2.773;2.788;2.789
phase2,nsnet2,old,p2_ns_sq192_old_s2345,eco8-neaixt-blockdesign,192/192,none,none,0,scratch,200,2345,0.003,617921,617921,19,2.824,2.797,2.478;2.703;2.706;2.736;2.762;2.774;2.790;2.803;2.819;2.803;2.802;2.824;2.812;2.815;2.815;2.773;2.782;2.804;2.811
phase2,nsnet2,A1,p2_ns_sq192_a1,eco8-neaixt-blockdesign,192/192,none,mean,200,scratch,200,1234,0.003,618178,618178,19,2.863,2.8166,2.635;2.730;2.724;2.732;2.862;2.863;2.840;2.812;2.817;2.837;2.811;2.850;2.858;2.855;2.839;2.823;2.787;2.819;2.815
phase2,nsnet2,A1,p2_ns_sq192_a1_s2345,eco8-neaixt-blockdesign,192/192,none,mean,200,scratch,200,2345,0.003,618178,618178,19,2.847,2.812,2.548;2.774;2.662;2.793;2.808;2.775;2.714;2.758;2.750;2.703;2.806;2.798;2.804;2.749;2.795;2.772;2.819;2.827;2.847
phase2,nsnet2,old,dense_h68,eco8-neaixt,68/102,none,none,0,scratch,200,1234,0.003,117863,117863,44,2.751,2.7186,2.172;2.295;2.384;2.438;2.487;2.606;2.617;2.659;2.647;2.601;2.685;2.693;2.670;2.705;2.699;2.751;2.712;2.706;2.699;2.674;2.704;2.708;2.708;2.745;2.727;2.737;2.725;2.730;2.693;2.734;2.706;2.716;2.718;2.730;2.737;2.722;2.701;2.707;2.718;2.729;2.724;2.726;2.712;2.702
phase2,nsnet2,old,dense_h68_s2345,eco8-neaixt,68/102,none,none,0,scratch,200,2345,0.003,117863,117863,44,2.754,2.7244,2.207;2.468;2.503;2.560;2.614;2.639;2.628;2.692;2.697;2.665;2.732;2.686;2.703;2.684;2.732;2.658;2.703;2.692;2.683;2.703;2.679;2.725;2.697;2.736;2.724;2.716;2.754;2.693;2.727;2.701;2.722;2.705;2.715;2.731;2.699;2.713;2.714;2.733;2.714;2.738;2.704;2.747;2.706;2.727
phase2,nsnet2,old,dense_h68_s3456,eco8-neaixt,68/102,none,none,0,scratch,200,3456,0.003,117863,117863,44,2.755,2.7364,2.310;2.450;2.432;2.492;2.559;2.624;2.657;2.611;2.651;2.661;2.710;2.653;2.681;2.718;2.722;2.719;2.710;2.743;2.731;2.713;2.708;2.724;2.729;2.755;2.710;2.755;2.746;2.724;2.730;2.713;2.730;2.716;2.750;2.734;2.721;2.715;2.724;2.683;2.726;2.710;2.753;2.744;2.744;2.731
phase2,nsnet2,A1,p2_ns_h68_a1,eco8-neaixt-blockdesign,68/102,none,mean,200,scratch,200,1234,0.003,118120,118120,44,2.823,2.7526,2.315;2.611;2.627;2.634;2.689;2.675;2.700;2.671;2.690;2.731;2.678;2.751;2.706;2.723;2.692;2.784;2.745;2.778;2.709;2.708;2.740;2.761;2.720;2.757;2.771;2.805;2.823;2.732;2.759;2.773;2.784;2.732;2.761;2.756;2.768;2.759;2.750;2.754;2.759;2.748;2.753;2.754;2.775;2.733
phase2,nsnet2,A1,p2_ns_h68_a1_s2345,eco8-neaixt-blockdesign,68/102,none,mean,200,scratch,200,2345,0.003,118120,118120,44,2.83,2.7412,2.300;2.507;2.635;2.681;2.689;2.685;2.740;2.711;2.737;2.706;2.672;2.770;2.774;2.708;2.803;2.712;2.735;2.727;2.718;2.759;2.718;2.782;2.669;2.790;2.772;2.774;2.765;2.722;2.803;2.725;2.739;2.731;2.830;2.763;2.813;2.770;2.736;2.772;2.747;2.732;2.749;2.760;2.709;2.756
phase2,convfsenet,old,cfs_c96_dense,eco8-neaixt,96/192,none,none,0,scratch,200,1234,0.0008,395297,395297,19,2.855,2.8472,2.716;2.797;2.785;2.827;2.812;2.810;2.835;2.812;2.815;2.825;2.823;2.814;2.840;2.827;2.835;2.844;2.851;2.855;2.851
phase2,convfsenet,old,p2_cf_c96_old_s2345,eco8-neaixt-blockdesign,96/192,none,none,0,scratch,200,2345,0.0008,395297,395297,19,2.862,2.845,2.685;2.803;2.862;2.830;2.834;2.821;2.781;2.793;2.809;2.846;2.839;2.819;2.800;2.845;2.843;2.853;2.838;2.844;2.847
phase2,convfsenet,B1,p2_cf_c96_b1,eco8-neaixt-blockdesign,96/192,batch,mean,2000,scratch,200,1234,0.0008,395746,395746,19,2.86,2.8286,2.742;2.764;2.852;2.841;2.860;2.841;2.800;2.846;2.829;2.856;2.834;2.847;2.838;2.847;2.836;2.827;2.825;2.829;2.826
phase2,convfsenet,B1,p2_cf_c96_b1_s2345,eco8-neaixt-blockdesign,96/192,batch,mean,2000,scratch,200,2345,0.0008,395746,395746,19,2.851,2.8314,2.623;2.804;2.821;2.811;2.826;2.845;2.851;2.849;2.845;2.847;2.847;2.806;2.832;2.847;2.844;2.829;2.829;2.830;2.825
old-curve,nsnet2,old,sq128_dense,eco8-neaixt,128/128,none,none,0,scratch,200,1234,0.003,297345,297345,19,2.782,2.7682,2.471;2.593;2.636;2.668;2.741;2.740;2.753;2.743;2.769;2.759;2.739;2.768;2.763;2.772;2.761;2.774;2.768;2.782;2.756
pareto,nsnet2,A1,p3_ns_sq64_a1,eco8-neaixt-blockdesign,64/64,none,mean,200,scratch,200,1234,0.003,91714,91714,19,2.806,2.78,2.576;2.651;2.676;2.691;2.757;2.712;2.725;2.754;2.779;2.779;2.771;2.806;2.785;2.787;2.768;2.787;2.781;2.789;2.775
pareto,nsnet2,A1,p3_ns_sq96_a1,eco8-neaixt-blockdesign,96/96,none,mean,200,scratch,200,1234,0.003,180322,180322,19,2.884,2.8288,2.607;2.721;2.750;2.717;2.760;2.818;2.851;2.884;2.862;2.800;2.806;2.800;2.814;2.816;2.839;2.837;2.806;2.834;2.828
pareto,nsnet2,A1,p3_ns_sq128_a1,eco8-neaixt-blockdesign,128/128,none,mean,200,scratch,200,1234,0.003,297602,297602,19,2.852,2.82,2.685;2.704;2.709;2.745;2.772;2.809;2.832;2.804;2.819;2.852;2.836;2.846;2.822;2.838;2.821;2.828;2.835;2.818;2.798
pareto,nsnet2,A1,p3_ns_sq256_a1,eco8-neaixt-blockdesign,256/256,none,mean,200,scratch,200,1234,0.003,1053442,1053442,19,2.853,2.793,2.691;2.813;2.790;2.814;2.834;2.834;2.842;2.853;2.819;2.796;2.817;2.818;2.809;2.815;2.820;2.800;2.769;2.768;2.808
pareto,nsnet2,A1,p3_ns_sq384_a1,eco8-neaixt-blockdesign,384/384,none,mean,200,scratch,200,1234,0.003,2268034,2268034,19,2.909,2.8138,2.719;2.858;2.684;2.890;2.847;2.796;2.840;2.909;2.738;2.805;2.786;2.743;2.775;2.741;2.816;2.831;2.802;2.803;2.817
pareto,convfsenet,B1,p3_cf_c64_b1,eco8-neaixt-blockdesign,64/128,batch,mean,2000,scratch,200,1234,0.0008,190274,190274,19,2.863,2.8286,2.752;2.787;2.814;2.826;2.836;2.810;2.788;2.828;2.824;2.853;2.853;2.852;2.863;2.839;2.830;2.829;2.827;2.831;2.826
pareto,convfsenet,B1,p3_cf_c128_b1,eco8-neaixt-blockdesign,128/256,batch,mean,2000,scratch,200,1234,0.0008,674946,674946,19,2.897,2.8572,2.777;2.843;2.864;2.878;2.846;2.853;2.877;2.860;2.858;2.854;2.897;2.875;2.885;2.872;2.867;2.857;2.854;2.855;2.853
pareto,convfsenet,B1,p3_cf_c160_b1,eco8-neaixt-blockdesign,160/320,batch,mean,2000,scratch,200,1234,0.0008,1027874,1027874,19,2.91,2.8706,2.771;2.845;2.849;2.864;2.849;2.873;2.910;2.844;2.845;2.847;2.854;2.876;2.883;2.846;2.876;2.874;2.864;2.869;2.870
pareto,convfsenet,B1,p3_cf_c192_b1,eco8-neaixt-blockdesign,192/384,batch,mean,2000,scratch,200,1234,0.0008,1454530,1454530,19,2.872,2.8552,2.738;2.861;2.842;2.868;2.842;2.870;2.850;2.820;2.839;2.841;2.864;2.856;2.872;2.854;2.858;2.858;2.853;2.852;2.855
old-dense,convfsenet,old,cfs_c64_dense,eco8-neaixt,64/128,none,none,0,scratch,200,1234,0.0008,189889,189889,19,2.834,2.8282,2.750;2.777;2.785;2.815;2.780;2.786;2.815;2.808;2.774;2.792;2.829;2.789;2.825;2.825;2.817;2.829;2.834;2.830;2.831
old-dense,convfsenet,old,cfs_dense_r67,eco8-neaixt,67/134,none,none,0,scratch,200,1234,0.0008,206014,206014,19,2.847,2.8158,2.722;2.796;2.731;2.829;2.828;2.795;2.835;2.808;2.803;2.842;2.847;2.804;2.808;2.818;2.800;2.814;2.821;2.825;2.819
old-dense,convfsenet,old,cfs_dense_r83,eco8-neaixt,83/166,none,none,0,scratch,200,1234,0.0008,302958,302958,19,2.882,2.8534,2.758;2.799;2.828;2.852;2.869;2.822;2.882;2.841;2.850;2.826;2.846;2.835;2.858;2.819;2.832;2.848;2.861;2.864;2.862
old-dense,convfsenet,old,cfs_dense_r108,eco8-neaixt,108/216,none,none,0,scratch,200,1234,0.0008,491333,491333,19,2.872,2.8574,2.705;2.793;2.815;2.813;2.859;2.858;2.872;2.842;2.855;2.871;2.854;2.835;2.843;2.829;2.851;2.855;2.859;2.861;2.861
old-dense,convfsenet,old,cfs_dense_r146,eco8-neaixt,146/292,none,none,0,scratch,200,1234,0.0008,863847,863847,19,2.886,2.851,2.642;2.819;2.831;2.835;2.886;2.880;2.842;2.847;2.859;2.818;2.854;2.827;2.860;2.825;2.840;2.851;2.850;2.858;2.856
old-dense,convfsenet,old,cfs_dense,eco8-neaixt,192/384,none,none,0,scratch,200,1234,0.0008,1453889,1453889,19,2.877,2.86,2.687;2.718;2.815;2.839;2.859;2.863;2.834;2.868;2.875;2.838;2.877;2.862;2.872;2.872;2.860;2.864;2.854;2.860;2.862
