model,family,design,width,run,seed,record,point,nonzeros,macs_per_frame,pesq,dense_pesq,dense_val_best,dense_last5,n_val
nsnet2,square,A1,64/64,cp_p3_ns_sq64_a1,1234,pareto/cp_p3_ns_sq64_a1.json,dense,91135,89919,2.8056029811935517,2.8056029811935517,2.806,2.78,19
nsnet2,square,A1,64/64,cp_p3_ns_sq64_a1,1234,pareto/cp_p3_ns_sq64_a1.json,c1_perm_refit,46593,45377,2.7478110994239455,2.8056029811935517,2.806,2.78,19
nsnet2,square,A1,64/64,cp_p3_ns_sq64_a1,1234,pareto/cp_p3_ns_sq64_a1.json,free24_refit,46593,45377,2.782539547647087,2.8056029811935517,2.806,2.78,19
nsnet2,square,A1,64/64,cp_p3_ns_sq64_a1,1234,pareto/cp_p3_ns_sq64_a1.json,c1_noperm_refit,46593,45377,2.7818437299682097,2.8056029811935517,2.806,2.78,19
nsnet2,square,A1,96/96,cp_p3_ns_sq96_a1,1234,pareto/cp_p3_ns_sq96_a1.json,dense,179711,178015,2.884253954858456,2.884253954858456,2.884,2.8288,19
nsnet2,square,A1,96/96,cp_p3_ns_sq96_a1,1234,pareto/cp_p3_ns_sq96_a1.json,c1_perm_refit,91137,89441,2.860834420884697,2.884253954858456,2.884,2.8288,19
nsnet2,square,A1,96/96,cp_p3_ns_sq96_a1,1234,pareto/cp_p3_ns_sq96_a1.json,free24_refit,91137,89441,2.8630604077022053,2.884253954858456,2.884,2.8288,19
nsnet2,square,A1,96/96,cp_p3_ns_sq96_a1,1234,pareto/cp_p3_ns_sq96_a1.json,c1_noperm_refit,91137,89441,2.838243306695836,2.884253954858456,2.884,2.8288,19
nsnet2,square,A1,128/128,cp_p3_ns_sq128_a1,1234,pareto/cp_p3_ns_sq128_a1.json,dense,295415,293243,2.852491178848211,2.852491178848211,2.852,2.82,19
nsnet2,square,A1,128/128,cp_p3_ns_sq128_a1,1234,pareto/cp_p3_ns_sq128_a1.json,c1_perm_refit,149243,147071,2.8185588363015537,2.852491178848211,2.852,2.82,19
nsnet2,square,A1,128/128,cp_p3_ns_sq128_a1,1234,pareto/cp_p3_ns_sq128_a1.json,free24_refit,149243,147071,2.8252544513026487,2.852491178848211,2.852,2.82,19
nsnet2,square,A1,128/128,cp_p3_ns_sq128_a1,1234,pareto/cp_p3_ns_sq128_a1.json,c1_noperm_refit,149243,147071,2.7951865449403095,2.852491178848211,2.852,2.82,19
nsnet2,square,A1,192/192,cp_p2_ns_sq192_a1,1234,phase3/cp_p2_ns_sq192_a1.json,dense,616571,613437,2.862526439202642,2.862526439202642,2.863,2.8166,19
nsnet2,square,A1,192/192,cp_p2_ns_sq192_a1,1234,phase3/cp_p2_ns_sq192_a1.json,c1_perm_refit,310077,306943,2.853372247039693,2.862526439202642,2.863,2.8166,19
nsnet2,square,A1,192/192,cp_p2_ns_sq192_a1,1234,phase3/cp_p2_ns_sq192_a1.json,free24_refit,310077,306943,2.8645445124327558,2.862526439202642,2.863,2.8166,19
nsnet2,square,A1,192/192,cp_p2_ns_sq192_a1,1234,phase3/cp_p2_ns_sq192_a1.json,c1_noperm_refit,310077,306943,2.8676527653215,2.862526439202642,2.863,2.8166,19
nsnet2,square,A1,192/192,cp_p2_ns_sq192_a1_s2345,2345,phase3/cp_p2_ns_sq192_a1_s2345.json,dense,613421,610294,2.8472161654708454,2.8472161654708454,2.847,2.812,19
nsnet2,square,A1,192/192,cp_p2_ns_sq192_a1_s2345,2345,phase3/cp_p2_ns_sq192_a1_s2345.json,c1_perm_refit,308627,305500,2.8269843072856515,2.8472161654708454,2.847,2.812,19
nsnet2,square,A1,192/192,cp_p2_ns_sq192_a1_s2345,2345,phase3/cp_p2_ns_sq192_a1_s2345.json,free24_refit,308627,305500,2.8294755441760553,2.8472161654708454,2.847,2.812,19
nsnet2,square,A1,192/192,cp_p2_ns_sq192_a1_s2345,2345,phase3/cp_p2_ns_sq192_a1_s2345.json,c1_noperm_refit,308627,305500,2.8324849819674074,2.8472161654708454,2.847,2.812,19
nsnet2,square,A1,256/256,cp_p3_ns_sq256_a1,1234,pareto/cp_p3_ns_sq256_a1.json,dense,1048559,1044471,2.8528704084817647,2.8528704084817647,2.853,2.793,19
nsnet2,square,A1,256/256,cp_p3_ns_sq256_a1,1234,pareto/cp_p3_ns_sq256_a1.json,c1_perm_refit,526837,522749,2.861701022797418,2.8528704084817647,2.853,2.793,19
nsnet2,square,A1,256/256,cp_p3_ns_sq256_a1,1234,pareto/cp_p3_ns_sq256_a1.json,free24_refit,526837,522749,2.85890748069703,2.8528704084817647,2.853,2.793,19
nsnet2,square,A1,256/256,cp_p3_ns_sq256_a1,1234,pareto/cp_p3_ns_sq256_a1.json,c1_noperm_refit,526837,522749,2.8508007169059177,2.8528704084817647,2.853,2.793,19
nsnet2,square,A1,384/384,cp_p3_ns_sq384_a1,1234,pareto/cp_p3_ns_sq384_a1.json,dense,2257505,2251504,2.9093386114222333,2.9093386114222333,2.909,2.8138,19
nsnet2,square,A1,384/384,cp_p3_ns_sq384_a1,1234,pareto/cp_p3_ns_sq384_a1.json,c1_perm_refit,1131945,1125944,2.9061563932201238,2.9093386114222333,2.909,2.8138,19
nsnet2,square,A1,384/384,cp_p3_ns_sq384_a1,1234,pareto/cp_p3_ns_sq384_a1.json,free24_refit,1131945,1125944,2.9044856889155306,2.9093386114222333,2.909,2.8138,19
nsnet2,square,A1,384/384,cp_p3_ns_sq384_a1,1234,pareto/cp_p3_ns_sq384_a1.json,c1_noperm_refit,1131945,1125944,2.9064274088850297,2.9093386114222333,2.909,2.8138,19
nsnet2,h68,A1,68/102,cp_p2_ns_h68_a1,1234,phase3/cp_p2_ns_h68_a1.json,dense,117503,116159,2.8226653816341196,2.8226653816341196,2.823,2.7526,44
nsnet2,h68,A1,68/102,cp_p2_ns_h68_a1,1234,phase3/cp_p2_ns_h68_a1.json,c1_perm_refit,59687,58343,2.7989500409480437,2.8226653816341196,2.823,2.7526,44
nsnet2,h68,A1,68/102,cp_p2_ns_h68_a1,1234,phase3/cp_p2_ns_h68_a1.json,free24_refit,59687,58343,2.8192444712791627,2.8226653816341196,2.823,2.7526,44
nsnet2,h68,A1,68/102,cp_p2_ns_h68_a1,1234,phase3/cp_p2_ns_h68_a1.json,c1_noperm_refit,59687,58343,2.7993987924554973,2.8226653816341196,2.823,2.7526,44
nsnet2,h68,A1,68/102,cp_p2_ns_h68_a1_s2345,2345,phase3/cp_p2_ns_h68_a1_s2345.json,dense,116063,114723,2.830316967321831,2.830316967321831,2.83,2.7412,44
nsnet2,h68,A1,68/102,cp_p2_ns_h68_a1_s2345,2345,phase3/cp_p2_ns_h68_a1_s2345.json,c1_perm_refit,58961,57621,2.7834007088999146,2.830316967321831,2.83,2.7412,44
nsnet2,h68,A1,68/102,cp_p2_ns_h68_a1_s2345,2345,phase3/cp_p2_ns_h68_a1_s2345.json,free24_refit,58961,57621,2.7777867894438866,2.830316967321831,2.83,2.7412,44
nsnet2,h68,A1,68/102,cp_p2_ns_h68_a1_s2345,2345,phase3/cp_p2_ns_h68_a1_s2345.json,c1_noperm_refit,58961,57621,2.7647022105825756,2.830316967321831,2.83,2.7412,44
nsnet2,h68,old,68/102,cp_dense_h68,1234,phase3/cp_dense_h68.json,dense,96965,95667,2.7511116457216946,2.7511116457216946,2.751,2.7186,44
nsnet2,h68,old,68/102,cp_dense_h68,1234,phase3/cp_dense_h68.json,c1_perm_refit,49599,48301,2.7487459729597408,2.7511116457216946,2.751,2.7186,44
nsnet2,h68,old,68/102,cp_dense_h68,1234,phase3/cp_dense_h68.json,free24_refit,49599,48301,2.7283743993171212,2.7511116457216946,2.751,2.7186,44
nsnet2,h68,old,68/102,cp_dense_h68,1234,phase3/cp_dense_h68.json,c1_noperm_refit,49599,48301,2.738000199198723,2.7511116457216946,2.751,2.7186,44
nsnet2,h68,old,68/102,cp_dense_h68_s2345,2345,phase3/cp_dense_h68_s2345.json,dense,97889,96589,2.75453285453389,2.75453285453389,2.754,2.7244,44
nsnet2,h68,old,68/102,cp_dense_h68_s2345,2345,phase3/cp_dense_h68_s2345.json,c1_perm_refit,50267,48967,2.733886410165759,2.75453285453389,2.754,2.7244,44
nsnet2,h68,old,68/102,cp_dense_h68_s2345,2345,phase3/cp_dense_h68_s2345.json,free24_refit,50267,48967,2.737063801404342,2.75453285453389,2.754,2.7244,44
nsnet2,h68,old,68/102,cp_dense_h68_s2345,2345,phase3/cp_dense_h68_s2345.json,c1_noperm_refit,50267,48967,2.7326303522274333,2.75453285453389,2.754,2.7244,44
nsnet2,h68,old,68/102,cp_dense_h68_s3456,3456,phase3/cp_dense_h68_s3456.json,dense,98507,97205,2.754850101123736,2.754850101123736,2.755,2.7364,44
nsnet2,h68,old,68/102,cp_dense_h68_s3456,3456,phase3/cp_dense_h68_s3456.json,c1_perm_refit,50349,49047,2.7630800004433658,2.754850101123736,2.755,2.7364,44
nsnet2,h68,old,68/102,cp_dense_h68_s3456,3456,phase3/cp_dense_h68_s3456.json,free24_refit,50349,49047,2.7356371985187806,2.754850101123736,2.755,2.7364,44
nsnet2,h68,old,68/102,cp_dense_h68_s3456,3456,phase3/cp_dense_h68_s3456.json,c1_noperm_refit,50349,49047,2.7075642121648325,2.754850101123736,2.755,2.7364,44
nsnet2,square,old,128/128,cp_sq128_dense,1234,phase3/cp_sq128_dense.json,dense,247001,244908,2.7818819708326488,2.7818819708326488,2.782,2.7682,19
nsnet2,square,old,128/128,cp_sq128_dense,1234,phase3/cp_sq128_dense.json,c1_perm_refit,125217,123124,2.7613076744149034,2.7818819708326488,2.782,2.7682,19
nsnet2,square,old,128/128,cp_sq128_dense,1234,phase3/cp_sq128_dense.json,free24_refit,125217,123124,2.7133822472928797,2.7818819708326488,2.782,2.7682,19
nsnet2,square,old,128/128,cp_sq128_dense,1234,phase3/cp_sq128_dense.json,c1_noperm_refit,125217,123124,2.7224085466954313,2.7818819708326488,2.782,2.7682,19
nsnet2,square,old,192/192,cp_sq192_dense,1234,phase3/cp_sq192_dense.json,dense,498635,495653,2.798663799913184,2.798663799913184,2.799,2.7822,19
nsnet2,square,old,192/192,cp_sq192_dense,1234,phase3/cp_sq192_dense.json,c1_perm_refit,251961,248979,2.7836907445227057,2.798663799913184,2.799,2.7822,19
nsnet2,square,old,192/192,cp_sq192_dense,1234,phase3/cp_sq192_dense.json,free24_refit,251961,248979,2.8096205913326115,2.798663799913184,2.799,2.7822,19
nsnet2,square,old,192/192,cp_sq192_dense,1234,phase3/cp_sq192_dense.json,c1_noperm_refit,251961,248979,2.786304926553976,2.798663799913184,2.799,2.7822,19
nsnet2,square,old,192/192,cp_p2_ns_sq192_old_s2345,2345,phase3/cp_p2_ns_sq192_old_s2345.json,dense,496265,493284,2.8241765322615797,2.8241765322615797,2.824,2.797,19
nsnet2,square,old,192/192,cp_p2_ns_sq192_old_s2345,2345,phase3/cp_p2_ns_sq192_old_s2345.json,c1_perm_refit,250485,247504,2.815003512409127,2.8241765322615797,2.824,2.797,19
nsnet2,square,old,192/192,cp_p2_ns_sq192_old_s2345,2345,phase3/cp_p2_ns_sq192_old_s2345.json,free24_refit,250485,247504,2.8170938718955494,2.8241765322615797,2.824,2.797,19
nsnet2,square,old,192/192,cp_p2_ns_sq192_old_s2345,2345,phase3/cp_p2_ns_sq192_old_s2345.json,c1_noperm_refit,250485,247504,2.811834170112332,2.8241765322615797,2.824,2.797,19
convfsenet,square,B1,64/128,cp_p3_cf_c64_b1,1234,pareto/cp_p3_cf_c64_b1.json,dense,189889,183808,2.8628571126067524,2.8628571126067524,2.863,2.8286,19
convfsenet,square,B1,64/128,cp_p3_cf_c64_b1,1234,pareto/cp_p3_cf_c64_b1.json,c1_perm_refit,99745,93664,2.8049252121483237,2.8628571126067524,2.863,2.8286,19
convfsenet,square,B1,64/128,cp_p3_cf_c64_b1,1234,pareto/cp_p3_cf_c64_b1.json,free24_refit,99745,93664,2.7790049900418348,2.8628571126067524,2.863,2.8286,19
convfsenet,square,B1,64/128,cp_p3_cf_c64_b1,1234,pareto/cp_p3_cf_c64_b1.json,c1_noperm_refit,99745,93664,2.741794086341719,2.8628571126067524,2.863,2.8286,19
convfsenet,square,B1,96/192,cp_p2_cf_c96_b1,1234,phase3/cp_p2_cf_c96_b1.json,dense,395297,386304,2.8600890571341933,2.8600890571341933,2.86,2.8286,19
convfsenet,square,B1,96/192,cp_p2_cf_c96_b1,1234,phase3/cp_p2_cf_c96_b1.json,c1_perm_refit,204785,195792,2.835490871256995,2.8600890571341933,2.86,2.8286,19
convfsenet,square,B1,96/192,cp_p2_cf_c96_b1,1234,phase3/cp_p2_cf_c96_b1.json,free24_refit,204785,195792,2.834710099743408,2.8600890571341933,2.86,2.8286,19
convfsenet,square,B1,96/192,cp_p2_cf_c96_b1,1234,phase3/cp_p2_cf_c96_b1.json,c1_noperm_refit,204785,195792,2.8365776881720257,2.8600890571341933,2.86,2.8286,19
convfsenet,square,B1,96/192,cp_p2_cf_c96_b1_s2345,2345,phase3/cp_p2_cf_c96_b1_s2345.json,dense,395297,386304,2.850969640375341,2.850969640375341,2.851,2.8314,19
convfsenet,square,B1,96/192,cp_p2_cf_c96_b1_s2345,2345,phase3/cp_p2_cf_c96_b1_s2345.json,c1_perm_refit,204785,195792,2.848659823820429,2.850969640375341,2.851,2.8314,19
convfsenet,square,B1,96/192,cp_p2_cf_c96_b1_s2345,2345,phase3/cp_p2_cf_c96_b1_s2345.json,free24_refit,204785,195792,2.805924867397373,2.850969640375341,2.851,2.8314,19
convfsenet,square,B1,96/192,cp_p2_cf_c96_b1_s2345,2345,phase3/cp_p2_cf_c96_b1_s2345.json,c1_noperm_refit,204785,195792,2.805892572819608,2.850969640375341,2.851,2.8314,19
convfsenet,square,B1,128/256,cp_p3_cf_c128_b1,1234,pareto/cp_p3_cf_c128_b1.json,dense,674433,662528,2.8965340935200166,2.8965340935200166,2.897,2.8572,19
convfsenet,square,B1,128/256,cp_p3_cf_c128_b1,1234,pareto/cp_p3_cf_c128_b1.json,c1_perm_refit,346689,334784,2.8607335800974116,2.8965340935200166,2.897,2.8572,19
convfsenet,square,B1,128/256,cp_p3_cf_c128_b1,1234,pareto/cp_p3_cf_c128_b1.json,free24_refit,346689,334784,2.851357355569173,2.8965340935200166,2.897,2.8572,19
convfsenet,square,B1,128/256,cp_p3_cf_c128_b1,1234,pareto/cp_p3_cf_c128_b1.json,c1_noperm_refit,346689,334784,2.8200373614876018,2.8965340935200166,2.897,2.8572,19
convfsenet,square,B1,160/320,cp_p3_cf_c160_b1,1234,pareto/cp_p3_cf_c160_b1.json,dense,1027297,1012480,2.909830715471101,2.909830715471101,2.91,2.8706,19
convfsenet,square,B1,160/320,cp_p3_cf_c160_b1,1234,pareto/cp_p3_cf_c160_b1.json,c1_perm_refit,525457,510640,2.880146838218263,2.909830715471101,2.91,2.8706,19
convfsenet,square,B1,160/320,cp_p3_cf_c160_b1,1234,pareto/cp_p3_cf_c160_b1.json,free24_refit,525457,510640,2.9027099189827745,2.909830715471101,2.91,2.8706,19
convfsenet,square,B1,160/320,cp_p3_cf_c160_b1,1234,pareto/cp_p3_cf_c160_b1.json,c1_noperm_refit,525457,510640,2.879824718370021,2.909830715471101,2.91,2.8706,19
convfsenet,square,B1,192/384,cp_p3_cf_c192_b1,1234,pareto/cp_p3_cf_c192_b1.json,dense,1453889,1436160,2.8722491665083227,2.8722491665083227,2.872,2.8552,19
convfsenet,square,B1,192/384,cp_p3_cf_c192_b1,1234,pareto/cp_p3_cf_c192_b1.json,c1_perm_refit,741089,723360,2.842638377715083,2.8722491665083227,2.872,2.8552,19
convfsenet,square,B1,192/384,cp_p3_cf_c192_b1,1234,pareto/cp_p3_cf_c192_b1.json,free24_refit,741089,723360,2.858258591114896,2.8722491665083227,2.872,2.8552,19
convfsenet,square,B1,192/384,cp_p3_cf_c192_b1,1234,pareto/cp_p3_cf_c192_b1.json,c1_noperm_refit,741089,723360,2.839102354732532,2.8722491665083227,2.872,2.8552,19
convfsenet,square,old,96/192,cp_cfs_c96_dense,1234,phase3/cp_cfs_c96_dense.json,dense,395297,386304,2.855311605102808,2.855311605102808,2.855,2.8472,19
convfsenet,square,old,96/192,cp_cfs_c96_dense,1234,phase3/cp_cfs_c96_dense.json,c1_perm_refit,204785,195792,2.7935875819146054,2.855311605102808,2.855,2.8472,19
convfsenet,square,old,96/192,cp_cfs_c96_dense,1234,phase3/cp_cfs_c96_dense.json,free24_refit,204785,195792,2.8337723936849426,2.855311605102808,2.855,2.8472,19
convfsenet,square,old,96/192,cp_cfs_c96_dense,1234,phase3/cp_cfs_c96_dense.json,c1_noperm_refit,204785,195792,2.785218814912352,2.855311605102808,2.855,2.8472,19
convfsenet,square,old,96/192,cp_p2_cf_c96_old_s2345,2345,phase3/cp_p2_cf_c96_old_s2345.json,dense,395297,386304,2.8624805381286493,2.8624805381286493,2.862,2.845,19
convfsenet,square,old,96/192,cp_p2_cf_c96_old_s2345,2345,phase3/cp_p2_cf_c96_old_s2345.json,c1_perm_refit,204785,195792,2.8341563060445694,2.8624805381286493,2.862,2.845,19
convfsenet,square,old,96/192,cp_p2_cf_c96_old_s2345,2345,phase3/cp_p2_cf_c96_old_s2345.json,free24_refit,204785,195792,2.837055064376118,2.8624805381286493,2.862,2.845,19
convfsenet,square,old,96/192,cp_p2_cf_c96_old_s2345,2345,phase3/cp_p2_cf_c96_old_s2345.json,c1_noperm_refit,204785,195792,2.8179826629393308,2.8624805381286493,2.862,2.845,19
convfsenet,square,old,64/128,cp_cfs_c64_dense,1234,pareto/dense_only/cp_cfs_c64_dense.json,dense,189889,183808,2.834262139588884,2.834262139588884,2.834,2.8282,19
convfsenet,square,old,67/134,cp_cfs_dense_r67,1234,pareto/dense_only/cp_cfs_dense_r67.json,dense,206014,199660,2.846635259904908,2.846635259904908,2.847,2.8158,19
convfsenet,square,old,83/166,cp_cfs_dense_r83,1234,pareto/dense_only/cp_cfs_dense_r83.json,dense,302958,295148,2.8823181781375293,2.8823181781375293,2.882,2.8534,19
convfsenet,square,old,108/216,cp_cfs_dense_r108,1234,pareto/dense_only/cp_cfs_dense_r108.json,dense,491333,481248,2.871878103579132,2.871878103579132,2.872,2.8574,19
convfsenet,square,old,146/292,cp_cfs_dense_r146,1234,pareto/dense_only/cp_cfs_dense_r146.json,dense,863847,850304,2.88626772020627,2.88626772020627,2.886,2.851,19
convfsenet,square,old,192/384,cp_cfs_dense,1234,pareto/dense_only/cp_cfs_dense.json,dense,1453889,1436160,2.8769226162468344,2.8769226162468344,2.877,2.86,19
