study,model,run,width,mask,init,epochs,seed,lr,total_params,nonzero_params,n_val,best,last5,pesq_trajectory
nsnet2-full-size,nsnet2,ov_dense_control,400/600,dense,hf:baseline/g_best,120,1234,0.0003,2783657,2783657,11,2.777,2.7664,2.718;2.735;2.756;2.758;2.761;2.756;2.754;2.775;2.766;2.760;2.777
nsnet2-full-size,nsnet2,ov_2to4,400/600,2:4,hf:baseline/g_best,120,1234,0.0003,2783657,1395357,11,2.779,2.768,2.699;2.735;2.752;2.767;2.760;2.759;2.750;2.766;2.776;2.769;2.779
nsnet2-full-size,nsnet2,ov_4to8,400/600,4:8,hf:baseline/g_best,120,1234,0.0003,2783657,1395357,11,2.779,2.7714,2.711;2.741;2.753;2.759;2.758;2.761;2.757;2.775;2.779;2.768;2.778
nsnet2-full-size,nsnet2,ov_1to4,400/600,1:4,hf:baseline/g_best,120,1234,0.0003,2783657,701207,11,2.781,2.7662,2.680;2.723;2.724;2.748;2.749;2.755;2.740;2.767;2.776;2.767;2.781
nsnet2-full-size,nsnet2,ov_unstruct_80,400/600,unstructured:80,hf:baseline/g_best,120,1234,0.0003,2783657,562057,11,2.776,2.7696,2.710;2.746;2.752;2.750;2.755;2.762;2.760;2.769;2.776;2.770;2.773
nsnet2-full-size,nsnet2,ov_block1x4_80,400/600,1x4:80,hf:baseline/g_best,120,1234,0.0003,2783657,562377,11,2.77,2.759,2.678;2.720;2.734;2.746;2.749;2.752;2.743;2.761;2.766;2.755;2.770
nsnet2-full-size,nsnet2,cb_c1,400/600,2:4@c1,cp_baseline/g_best,120,1234,0.0003,2783657,1395357,11,2.772,2.7628,2.711;2.735;2.756;2.752;2.753;2.753;2.753;2.768;2.765;2.756;2.772
nsnet2-full-size,nsnet2,cb_c2,400/600,2:4@c2,cp_baseline/g_best,120,1234,0.0003,2783657,1395357,11,2.79,2.7766,2.709;2.732;2.750;2.746;2.754;2.758;2.755;2.779;2.786;2.773;2.790
nsnet2-full-size,nsnet2,cb_c3,400/600,2:4@c3,cp_baseline/g_best,120,1234,0.0003,2783657,1395357,11,2.774,2.7634,2.702;2.735;2.761;2.754;2.762;2.756;2.747;2.767;2.767;2.762;2.774
nsnet2-square32,nsnet2,sq384_dense,384/384,dense,scratch,200,1234,0.003,2267777,2267777,19,2.835,2.8012,2.388;2.669;2.693;2.701;2.771;2.756;2.797;2.800;2.814;2.769;2.799;2.835;2.790;2.808;2.795;2.806;2.780;2.811;2.814
nsnet2-square32,nsnet2,sq384_cb_c1,384/384,2:4@c1,cp_sq384_dense/g_best,120,1234,0.0003,2267777,1137089,11,2.761,2.7536,2.738;2.757;2.760;2.749;2.749;2.755;2.761;2.756;2.753;2.743;2.755
nsnet2-square32,nsnet2,sq384_cb_c1_s2345,384/384,2:4@c1,cp_sq384_dense/g_best,120,2345,0.0003,2267777,1137089,11,2.759,2.7508,2.723;2.741;2.749;2.741;2.741;2.749;2.747;2.744;2.748;2.759;2.756
nsnet2-square32,nsnet2,sq384_ft,384/384,dense,cp_sq384_dense/g_best,120,1234,0.0003,2267777,2267777,11,2.755,2.747,2.745;2.744;2.741;2.723;2.748;2.733;2.747;2.746;2.738;2.749;2.755
nsnet2-square32,nsnet2,sq384_ft_s2345,384/384,dense,cp_sq384_dense/g_best,120,2345,0.0003,2267777,2267777,11,2.749,2.7398,2.709;2.740;2.710;2.724;2.736;2.749;2.725;2.738;2.742;2.748;2.746
nsnet2-square32,nsnet2,dense_h256f384,256/384,dense,scratch,200,1234,0.003,1201025,1201025,19,2.833,2.7648,2.635;2.719;2.780;2.710;2.758;2.828;2.821;2.808;2.833;2.802;2.789;2.788;2.751;2.763;2.765;2.785;2.752;2.784;2.738
nsnet2-square32,nsnet2,dense_h256f384_ft,256/384,dense,cp_dense_h256f384/g_best,120,1234,0.0003,1201025,1201025,11,2.749,2.7436,2.693;2.694;2.731;2.733;2.732;2.724;2.743;2.749;2.741;2.740;2.745
nsnet2-square32,nsnet2,dense_h256f384_ft_s2345,256/384,dense,cp_dense_h256f384/g_best,120,2345,0.0003,1201025,1201025,11,2.761,2.753,2.720;2.731;2.745;2.732;2.742;2.738;2.758;2.761;2.743;2.747;2.756
nsnet2-knee,nsnet2,sq128_dense,128/128,dense,scratch,200,1234,0.003,297345,297345,19,2.782,2.7682,2.471;2.593;2.636;2.668;2.741;2.740;2.753;2.743;2.769;2.759;2.739;2.768;2.763;2.772;2.761;2.774;2.768;2.782;2.756
nsnet2-knee,nsnet2,sq192_dense,192/192,dense,scratch,200,1234,0.003,617921,617921,19,2.799,2.7822,2.468;2.631;2.675;2.721;2.764;2.768;2.762;2.762;2.749;2.769;2.777;2.760;2.799;2.789;2.792;2.769;2.773;2.788;2.789
nsnet2-knee,nsnet2,sq192_cb_c1,192/192,2:4@c1,cp_sq192_dense/g_best,120,1234,0.0003,617921,310625,11,2.761,2.754,2.698;2.722;2.743;2.739;2.761;2.751;2.748;2.752;2.756;2.756;2.758
nsnet2-knee,nsnet2,sq192_cb_c1_s2345,192/192,2:4@c1,cp_sq192_dense/g_best,120,2345,0.0003,617921,310625,11,2.762,2.7542,2.718;2.736;2.758;2.740;2.753;2.758;2.754;2.756;2.742;2.762;2.757
nsnet2-knee,nsnet2,sq192_ft,192/192,dense,cp_sq192_dense/g_best,120,1234,0.0003,617921,617921,11,2.749,2.7426,2.692;2.704;2.723;2.718;2.739;2.736;2.727;2.749;2.747;2.746;2.744
nsnet2-knee,nsnet2,sq192_ft_s2345,192/192,dense,cp_sq192_dense/g_best,120,2345,0.0003,617921,617921,11,2.746,2.7352,2.715;2.734;2.719;2.729;2.730;2.732;2.727;2.746;2.736;2.736;2.731
nsnet2-knee,nsnet2,sq128_ft,128/128,dense,cp_sq128_dense/g_best,120,1234,0.0003,297345,297345,11,2.722,2.71,2.682;2.692;2.702;2.691;2.692;2.701;2.692;2.699;2.717;2.720;2.722
nsnet2-knee,nsnet2,sq128_ft_s2345,128/128,dense,cp_sq128_dense/g_best,120,2345,0.0003,297345,297345,11,2.723,2.7144,2.688;2.671;2.683;2.703;2.696;2.703;2.704;2.713;2.711;2.723;2.721
nsnet2-size-curve,nsnet2,dense_h52,52/78,dense,scratch,200,1234,0.003,77087,77087,44,2.749,2.733,2.250;2.334;2.393;2.458;2.458;2.521;2.592;2.609;2.615;2.626;2.587;2.691;2.654;2.631;2.644;2.726;2.715;2.686;2.677;2.701;2.723;2.713;2.695;2.697;2.731;2.738;2.714;2.723;2.723;2.721;2.748;2.723;2.720;2.727;2.742;2.715;2.732;2.749;2.715;2.740;2.715;2.745;2.732;2.733
nsnet2-size-curve,nsnet2,dense_h68,68/102,dense,scratch,200,1234,0.003,117863,117863,44,2.751,2.7186,2.172;2.295;2.384;2.438;2.487;2.606;2.617;2.659;2.647;2.601;2.685;2.693;2.670;2.705;2.699;2.751;2.712;2.706;2.699;2.674;2.704;2.708;2.708;2.745;2.727;2.737;2.725;2.730;2.693;2.734;2.706;2.716;2.718;2.730;2.737;2.722;2.701;2.707;2.718;2.729;2.724;2.726;2.712;2.702
nsnet2-size-curve,nsnet2,dense_h68_s2345,68/102,dense,scratch,200,2345,0.003,117863,117863,44,2.754,2.7244,2.207;2.468;2.503;2.560;2.614;2.639;2.628;2.692;2.697;2.665;2.732;2.686;2.703;2.684;2.732;2.658;2.703;2.692;2.683;2.703;2.679;2.725;2.697;2.736;2.724;2.716;2.754;2.693;2.727;2.701;2.722;2.705;2.715;2.731;2.699;2.713;2.714;2.733;2.714;2.738;2.704;2.747;2.706;2.727
nsnet2-size-curve,nsnet2,dense_h68_s3456,68/102,dense,scratch,200,3456,0.003,117863,117863,44,2.755,2.7364,2.310;2.450;2.432;2.492;2.559;2.624;2.657;2.611;2.651;2.661;2.710;2.653;2.681;2.718;2.722;2.719;2.710;2.743;2.731;2.713;2.708;2.724;2.729;2.755;2.710;2.755;2.746;2.724;2.730;2.713;2.730;2.716;2.750;2.734;2.721;2.715;2.724;2.683;2.726;2.710;2.753;2.744;2.744;2.731
nsnet2-size-curve,nsnet2,dense_h100,100/150,dense,scratch,200,1234,0.003,223607,223607,44,2.784,2.7598,2.344;2.424;2.511;2.593;2.561;2.692;2.715;2.682;2.706;2.703;2.704;2.685;2.730;2.728;2.729;2.769;2.784;2.758;2.755;2.744;2.741;2.742;2.753;2.761;2.755;2.750;2.739;2.757;2.742;2.751;2.731;2.752;2.763;2.756;2.759;2.772;2.759;2.742;2.766;2.761;2.761;2.771;2.765;2.741
nsnet2-size-curve,nsnet2,dense_h148,148/222,dense,scratch,200,1234,0.003,442703,442703,44,2.815,2.7748,2.233;2.425;2.557;2.579;2.615;2.680;2.649;2.757;2.754;2.723;2.747;2.717;2.744;2.742;2.750;2.763;2.758;2.783;2.758;2.772;2.815;2.788;2.748;2.776;2.788;2.785;2.791;2.761;2.774;2.789;2.777;2.792;2.766;2.760;2.786;2.775;2.796;2.767;2.771;2.791;2.771;2.778;2.762;2.772
nsnet2-size-curve,nsnet2,dense_h168,168/252,dense,scratch,200,1234,0.003,555413,555413,44,2.84,2.8028,2.281;2.428;2.549;2.675;2.650;2.665;2.728;2.722;2.693;2.705;2.718;2.743;2.690;2.746;2.720;2.771;2.766;2.749;2.793;2.783;2.757;2.794;2.790;2.803;2.840;2.785;2.777;2.800;2.819;2.813;2.776;2.802;2.772;2.802;2.814;2.800;2.813;2.806;2.807;2.823;2.812;2.804;2.801;2.774
nsnet2-size-curve,nsnet2,dense_h168_s2345,168/252,dense,scratch,200,2345,0.003,555413,555413,44,2.824,2.7764,2.317;2.488;2.469;2.587;2.637;2.707;2.669;2.752;2.739;2.710;2.681;2.758;2.782;2.757;2.762;2.752;2.748;2.778;2.782;2.715;2.756;2.778;2.762;2.758;2.824;2.784;2.798;2.772;2.781;2.764;2.803;2.785;2.795;2.740;2.778;2.738;2.740;2.788;2.766;2.799;2.780;2.792;2.735;2.776
nsnet2-size-curve,nsnet2,dense_h168_s3456,168/252,dense,scratch,200,3456,0.003,555413,555413,44,2.834,2.8062,2.215;2.467;2.566;2.660;2.691;2.709;2.705;2.741;2.771;2.805;2.799;2.749;2.760;2.792;2.788;2.834;2.740;2.827;2.745;2.789;2.757;2.781;2.775;2.775;2.751;2.778;2.818;2.774;2.791;2.778;2.816;2.776;2.773;2.811;2.778;2.803;2.800;2.790;2.830;2.807;2.798;2.826;2.802;2.798
nsnet2-size-curve,nsnet2,dense_h216,216/324,dense,scratch,200,1234,0.003,877325,877325,44,2.783,2.7442,2.363;2.419;2.371;2.626;2.642;2.654;2.709;2.725;2.722;2.720;2.723;2.730;2.748;2.716;2.713;2.742;2.705;2.741;2.704;2.698;2.754;2.751;2.723;2.704;2.748;2.740;2.747;2.697;2.783;2.778;2.717;2.746;2.783;2.743;2.758;2.748;2.760;2.746;2.751;2.736;2.753;2.729;2.744;2.759
nsnet2-size-curve,nsnet2,dense_h216_s2345,216/324,dense,scratch,200,2345,0.003,877325,877325,44,2.814,2.771,2.297;2.501;2.554;2.630;2.657;2.718;2.766;2.727;2.705;2.699;2.750;2.724;2.758;2.765;2.751;2.747;2.750;2.771;2.704;2.728;2.750;2.773;2.754;2.746;2.814;2.735;2.750;2.748;2.767;2.768;2.777;2.768;2.775;2.747;2.783;2.776;2.783;2.764;2.743;2.782;2.752;2.788;2.759;2.774
nsnet2-size-curve,nsnet2,dense_h216_s3456,216/324,dense,scratch,200,3456,0.003,877325,877325,44,2.821,2.7732,2.328;2.542;2.567;2.623;2.686;2.663;2.707;2.753;2.719;2.741;2.746;2.794;2.741;2.750;2.797;2.778;2.821;2.754;2.732;2.802;2.775;2.792;2.787;2.783;2.741;2.751;2.758;2.740;2.778;2.799;2.809;2.780;2.771;2.795;2.733;2.805;2.763;2.787;2.782;2.766;2.782;2.779;2.770;2.769
convfsenet-full-size,convfsenet,cf_dense_control,192/384,dense,cp_convfsenet_win/g_best,20,1234,8e-05,1453889,1453889,6,2.832,2.8288,2.821;2.823;2.828;2.832;2.829;2.832
convfsenet-full-size,convfsenet,cf_2to4,192/384,2:4,cp_convfsenet_win/g_best,20,1234,8e-05,1453889,741089,6,2.82,2.817,2.803;2.815;2.812;2.819;2.820;2.819
convfsenet-full-size,convfsenet,cf_c1,192/384,2:4@c1,cp_convfsenet_win/g_best,20,1234,8e-05,1453889,741089,6,2.805,2.7986,2.766;2.789;2.801;2.799;2.799;2.805
convfsenet-knee,convfsenet,cfs_c64_dense,64/128,dense,scratch,200,1234,0.0008,189889,189889,19,2.834,2.8282,2.750;2.777;2.785;2.815;2.780;2.786;2.815;2.808;2.774;2.792;2.829;2.789;2.825;2.825;2.817;2.829;2.834;2.830;2.831
convfsenet-knee,convfsenet,cfs_c96_dense,96/192,dense,scratch,200,1234,0.0008,395297,395297,19,2.855,2.8472,2.716;2.797;2.785;2.827;2.812;2.810;2.835;2.812;2.815;2.825;2.823;2.814;2.840;2.827;2.835;2.844;2.851;2.855;2.851
convfsenet-knee,convfsenet,cf96_cb_c1,96/192,2:4@c1,cp_cfs_c96_dense/g_best,20,1234,8e-05,395297,204785,19,2.766,2.7606,2.644;2.697;2.728;2.741;2.743;2.751;2.750;2.750;2.754;2.747;2.756;2.749;2.761;2.758;2.756;2.758;2.764;2.766;2.759
convfsenet-knee,convfsenet,cf96_cb_c1_s2345,96/192,2:4@c1,cp_cfs_c96_dense/g_best,20,2345,8e-05,395297,204785,19,2.789,2.7872,2.688;2.720;2.744;2.761;2.769;2.784;2.765;2.776;2.778;2.779;2.786;2.789;2.785;2.782;2.785;2.786;2.789;2.789;2.787
convfsenet-knee,convfsenet,cf96_2to4,96/192,2:4,cp_cfs_c96_dense/g_best,20,1234,8e-05,395297,204785,19,2.794,2.7882,2.706;2.743;2.772;2.776;2.768;2.776;2.776;2.779;2.777;2.777;2.778;2.783;2.782;2.780;2.782;2.784;2.791;2.794;2.790
convfsenet-knee,convfsenet,cf96_2to4_s2345,96/192,2:4,cp_cfs_c96_dense/g_best,20,2345,8e-05,395297,204785,19,2.816,2.81,2.747;2.772;2.786;2.792;2.803;2.809;2.805;2.806;2.810;2.816;2.816;2.813;2.806;2.809;2.810;2.807;2.811;2.811;2.811
convfsenet-knee,convfsenet,cf96_ft,96/192,dense,cp_cfs_c96_dense/g_best,20,1234,8e-05,395297,395297,19,2.833,2.8236,2.806;2.804;2.824;2.809;2.807;2.827;2.829;2.833;2.821;2.817;2.817;2.830;2.820;2.822;2.822;2.827;2.823;2.826;2.820
convfsenet-knee,convfsenet,cf96_ft_s2345,96/192,dense,cp_cfs_c96_dense/g_best,20,2345,8e-05,395297,395297,19,2.847,2.8344,2.788;2.803;2.809;2.823;2.829;2.836;2.839;2.842;2.828;2.827;2.839;2.847;2.831;2.833;2.838;2.829;2.836;2.834;2.835
convfsenet-knee,convfsenet,cf64_ft,64/128,dense,cp_cfs_c64_dense/g_best,20,1234,8e-05,189889,189889,19,2.795,2.7926,2.739;2.761;2.782;2.775;2.775;2.784;2.776;2.779;2.781;2.783;2.774;2.795;2.794;2.792;2.792;2.794;2.792;2.794;2.791
convfsenet-knee,convfsenet,cf64_ft_s2345,64/128,dense,cp_cfs_c64_dense/g_best,20,2345,8e-05,189889,189889,19,2.805,2.7952,2.776;2.774;2.781;2.778;2.794;2.795;2.795;2.793;2.785;2.797;2.801;2.799;2.791;2.805;2.798;2.791;2.805;2.789;2.793
convfsenet-size-curve,convfsenet,cfs_dense_r67,67/134,dense,scratch,200,1234,0.0008,206014,206014,19,2.847,2.8158,2.722;2.796;2.731;2.829;2.828;2.795;2.835;2.808;2.803;2.842;2.847;2.804;2.808;2.818;2.800;2.814;2.821;2.825;2.819
convfsenet-size-curve,convfsenet,cfs_dense_r83,83/166,dense,scratch,200,1234,0.0008,302958,302958,19,2.882,2.8534,2.758;2.799;2.828;2.852;2.869;2.822;2.882;2.841;2.850;2.826;2.846;2.835;2.858;2.819;2.832;2.848;2.861;2.864;2.862
convfsenet-size-curve,convfsenet,cfs_dense_r108,108/216,dense,scratch,200,1234,0.0008,491333,491333,19,2.872,2.8574,2.705;2.793;2.815;2.813;2.859;2.858;2.872;2.842;2.855;2.871;2.854;2.835;2.843;2.829;2.851;2.855;2.859;2.861;2.861
convfsenet-size-curve,convfsenet,cfs_dense_r146,146/292,dense,scratch,200,1234,0.0008,863847,863847,19,2.886,2.851,2.642;2.819;2.831;2.835;2.886;2.880;2.842;2.847;2.859;2.818;2.854;2.827;2.860;2.825;2.840;2.851;2.850;2.858;2.856
convfsenet-size-curve,convfsenet,cfs_dense,192/384,dense,scratch,200,1234,0.0008,1453889,1453889,19,2.877,2.86,2.687;2.718;2.815;2.839;2.859;2.863;2.834;2.868;2.875;2.838;2.877;2.862;2.872;2.872;2.860;2.864;2.854;2.860;2.862
